{
  "range": "patient_201 - patient_250",
  "summary": {
    "total": 50,
    "success": 50,
    "failed": 0,
    "all_checks_passed": 49
  },
  "timestamp": "2026-03-27T23:29:16.410960",
  "average_performance": {
    "recall": 0.12698944502350076,
    "precision": 0.2525586080586081,
    "f1_score": 0.15521338978803484,
    "e4_recall": 0.03318253676148413,
    "e4_precision": 0.198,
    "e4_f1_score": 0.055820634920634916,
    "verification_accuracy": 0.5633991273349327,
    "grade_label_accuracy": 0.03218253676148413,
    "type_label_accuracy": 0.02501951557214715,
    "anomaly_rate": 0.3401578815727541,
    "severe_penalty_rate": 0.29820445950587127,
    "reward_rate": 0.6598421184272459,
    "penalty_rate": 0.29820445950587127
  }
}