{
  "range": "patient_201 - patient_250",
  "summary": {
    "total": 50,
    "success": 50,
    "failed": 0,
    "all_checks_passed": 49
  },
  "timestamp": "2026-03-28T12:41:17.006528",
  "average_performance": {
    "recall": 0.9811695906432749,
    "precision": 0.35159010552137887,
    "f1_score": 0.5128377451077134,
    "e4_recall": 0.0,
    "e4_precision": 0.0,
    "e4_f1_score": 0.0,
    "verification_accuracy": 0.3691414354405693,
    "grade_label_accuracy": 0.011497076023391813,
    "type_label_accuracy": 0.01713723118986277,
    "anomaly_rate": 0.3436638475741015,
    "severe_penalty_rate": 0.0,
    "reward_rate": 0.6359822653353053,
    "penalty_rate": 0.0
  }
}