{
  "summary": {
    "total": 32,
    "success": 32,
    "failed": 0,
    "all_checks_passed": 32
  },
  "timestamp": "2026-01-26T20:14:11.479956",
  "average_performance": {
    "recall": 0.748575940045077,
    "precision": 0.8083279958324793,
    "f1_score": 0.7515607820560019,
    "e4_recall": 0.42970225670012824,
    "e4_precision": 0.7792207792207793,
    "e4_f1_score": 0.5344710152953688,
    "verification_accuracy": 0.8013378350427747,
    "grade_label_accuracy": 0.42518836781123936,
    "type_label_accuracy": 0.19784671195033035
  }
}