{
  "range": "patient_201 - patient_250",
  "summary": {
    "total": 50,
    "success": 50,
    "failed": 0,
    "all_checks_passed": 49
  },
  "timestamp": "2026-03-28T13:57:37.397245",
  "average_performance": {
    "recall": 0.8399546241512187,
    "precision": 0.7402944872909376,
    "f1_score": 0.7627048664119737,
    "e4_recall": 0.43641505329895425,
    "e4_precision": 0.8784444444444445,
    "e4_f1_score": 0.5631259891099968,
    "verification_accuracy": 0.8067762496238043,
    "grade_label_accuracy": 0.43685949774339866,
    "type_label_accuracy": 0.3979747354468717,
    "anomaly_rate": 0.10762086916029608,
    "severe_penalty_rate": 0.04860819047742289,
    "reward_rate": 0.7570863068750643,
    "penalty_rate": 0.04860819047742289
  }
}